Question,Complex_CoT,Response
ğŸ‰ + ğŸ‰ + ğŸ‰ = 15,Break it down: ğŸ‰ + ğŸ‰ + ğŸ‰ = 15 â†’ Divide both sides by 3 â†’ ğŸ‰ = 5,ğŸ‰ = 5
ğŸš´ + ğŸš´ + ğŸš´ + ğŸš´ = 32,Divide both sides by 4 â†’ ğŸš´ = 8,ğŸš´ = 8
ğŸ¯ + ğŸ¯ = 10,Divide by 2 â†’ ğŸ¯ = 5,ğŸ¯ = 5
ğŸ¥‘ + ğŸ¥‘ + ğŸ¥‘ + ğŸ¥‘ + ğŸ¥‘ = 20,Divide by 5 â†’ ğŸ¥‘ = 4,ğŸ¥‘ = 4
ğŸ¶ + ğŸ¶ + ğŸ¶ = 21,Divide by 3 â†’ ğŸ¶ = 7,ğŸ¶ = 7
ğŸŒ• + ğŸŒ• = 12,Divide by 2 â†’ ğŸŒ• = 6,ğŸŒ• = 6
ğŸ” + ğŸ” + ğŸ” + ğŸ” + ğŸ” + ğŸ” = 48,Divide by 6 â†’ ğŸ” = 8,ğŸ” = 8
ğŸ›¸ + ğŸ›¸ + ğŸ›¸ = 24,Divide by 3 â†’ ğŸ›¸ = 8,ğŸ›¸ = 8
ğŸ‡ + ğŸ‡ = 16,Divide by 2 â†’ ğŸ‡ = 8,ğŸ‡ = 8
ğŸ¢ + ğŸ¢ + ğŸ¢ + ğŸ¢ = 36,Divide by 4 â†’ ğŸ¢ = 9,ğŸ¢ = 9
ğŸ· + ğŸ· + ğŸ· + ğŸ· + ğŸ· = 45,Divide by 5 â†’ ğŸ· = 9,ğŸ· = 9
ğŸƒ + ğŸƒ = 18,Divide by 2 â†’ ğŸƒ = 9,ğŸƒ = 9
ğŸ‘‘ + ğŸ‘‘ + ğŸ‘‘ = 30,Divide by 3 â†’ ğŸ‘‘ = 10,ğŸ‘‘ = 10
ğŸš¦ + ğŸš¦ + ğŸš¦ + ğŸš¦ + ğŸš¦ + ğŸš¦ = 60,Divide by 6 â†’ ğŸš¦ = 10,ğŸš¦ = 10
ğŸ¿ + ğŸ¿ = 22,Divide by 2 â†’ ğŸ¿ = 11,ğŸ¿ = 11
ğŸ» + ğŸ» + ğŸ» + ğŸ» + ğŸ» + ğŸ» + ğŸ» = 91,Divide by 7 â†’ ğŸ» = 13,ğŸ» = 13
ğŸ¥‹ + ğŸ¥‹ + ğŸ¥‹ + ğŸ¥‹ = 52,Divide by 4 â†’ ğŸ¥‹ = 13,ğŸ¥‹ = 13
ğŸ’¡ + ğŸ’¡ + ğŸ’¡ = 39,Divide by 3 â†’ ğŸ’¡ = 13,ğŸ’¡ = 13
ğŸ¦Š + ğŸ¦Š + ğŸ¦Š + ğŸ¦Š + ğŸ¦Š = 70,Divide by 5 â†’ ğŸ¦Š = 14,ğŸ¦Š = 14
ğŸˆ + ğŸˆ + ğŸˆ + ğŸˆ = 56,Divide by 4 â†’ ğŸˆ = 14,ğŸˆ = 14
ğŸ­ + ğŸ­ + ğŸ­ + ğŸ­ + ğŸ­ + ğŸ­ = 90,Divide by 6 â†’ ğŸ­ = 15,ğŸ­ = 15
ğŸ˜ + ğŸ˜ = 34,Divide by 2 â†’ ğŸ˜ = 17,ğŸ˜ = 17
ğŸ† + ğŸ† + ğŸ† + ğŸ† + ğŸ† = 85,Divide by 5 â†’ ğŸ† = 17,ğŸ† = 17
ğŸ¹ + ğŸ¹ + ğŸ¹ = 48,Divide by 3 â†’ ğŸ¹ = 16,ğŸ¹ = 16
ğŸ„ + ğŸ„ + ğŸ„ + ğŸ„ + ğŸ„ + ğŸ„ = 120,Divide by 6 â†’ ğŸ„ = 20,ğŸ„ = 20
ğŸŒŠ + ğŸŒŠ = 42,Divide by 2 â†’ ğŸŒŠ = 21,ğŸŒŠ = 21
ğŸ° + ğŸ° + ğŸ° + ğŸ° + ğŸ° = 110,Divide by 5 â†’ ğŸ° = 22,ğŸ° = 22
ğŸ + ğŸ + ğŸ = 69,Divide by 3 â†’ ğŸ = 23,ğŸ = 23
ğŸ›¶ + ğŸ›¶ + ğŸ›¶ + ğŸ›¶ = 92,Divide by 4 â†’ ğŸ›¶ = 23,ğŸ›¶ = 23
ğŸ¯ + ğŸ” + ğŸƒ = 24,"Break down values: ğŸ¯ = 5, ğŸ” = 8, ğŸƒ = 11","ğŸ¯ = 5, ğŸ” = 8, ğŸƒ = 11"
